<?xml version="1.0" encoding="UTF-8"?>
<project-private xmlns="http://www.netbeans.org/ns/project-private/1">
    <editor-bookmarks xmlns="http://www.netbeans.org/ns/editor-bookmarks/2" lastBookmarkId="0"/>
    <open-files xmlns="http://www.netbeans.org/ns/projectui-open-files/2">
        <group>
            <file>file:/C:/Users/hp/OneDrive/Documents/NetBeansProjects/JavaApplication2/src/carrental/RentalAgency.java</file>
            <file>file:/C:/Users/hp/OneDrive/Documents/NetBeansProjects/JavaApplication2/src/carrental/Main.java</file>
            <file>file:/C:/Users/hp/OneDrive/Documents/NetBeansProjects/JavaApplication2/src/carrental/Car.java</file>
            <file>file:/C:/Users/hp/OneDrive/Documents/NetBeansProjects/JavaApplication2/src/carrental/Customer.java</file>
            <file>file:/C:/Users/hp/OneDrive/Documents/NetBeansProjects/JavaApplication2/</file>
            <file>file:/C:/Users/hp/OneDrive/Documents/NetBeansProjects/JavaApplication2/src/Login/LoginSystem.java</file>
        </group>
    </open-files>
</project-private>
